Pos1,Pos2,iswall,NextNum,Next1Pos1,Next1Pos2,Next2Pos1,Next2Pos2,Next3Pos1,Next3Pos2,Next4Pos1,Next4Pos2,pos,pos_global
2,5,0,2,0,0,0,0,2,6,3,5,"(2, 5)","(4.500000000000001, 9.499999999999996)"
3,5,0,2,0,0,2,5,0,0,4,5,"(3, 5)","(4.500000000000001, 9.499999999999996)"
4,5,0,2,0,0,3,5,0,0,5,5,"(4, 5)","(4.500000000000001, 9.499999999999996)"
5,5,0,2,0,0,4,5,0,0,6,5,"(5, 5)","(4.500000000000001, 9.499999999999996)"
6,5,0,2,0,0,5,5,0,0,7,5,"(6, 5)","(4.500000000000001, 9.499999999999996)"
7,5,0,3,0,0,6,5,7,6,8,5,"(7, 5)","(4.500000000000001, 9.499999999999996)"
8,5,0,2,0,0,7,5,0,0,9,5,"(8, 5)","(10.999999999999995, 9.499999999999996)"
9,5,0,2,0,0,8,5,0,0,10,5,"(9, 5)","(10.999999999999995, 9.499999999999996)"
10,5,0,2,0,0,9,5,0,0,11,5,"(10, 5)","(10.999999999999995, 9.499999999999996)"
11,5,0,2,0,0,10,5,0,0,12,5,"(11, 5)","(10.999999999999995, 9.499999999999996)"
12,5,0,2,0,0,11,5,0,0,13,5,"(12, 5)","(10.999999999999995, 9.499999999999996)"
13,5,0,2,0,0,12,5,13,6,0,0,"(13, 5)","(10.999999999999995, 9.499999999999996)"
14,5,1,0,0,0,0,0,0,0,0,0,"(14, 5)","(10.999999999999995, 9.499999999999996)"
15,5,1,0,0,0,0,0,0,0,0,0,"(15, 5)","(18.000000000000004, 9.500000000000002)"
16,5,0,2,0,0,0,0,16,6,17,5,"(16, 5)","(18.000000000000004, 9.500000000000002)"
17,5,0,2,0,0,16,5,0,0,18,5,"(17, 5)","(18.000000000000004, 9.500000000000002)"
18,5,0,2,0,0,17,5,0,0,19,5,"(18, 5)","(18.000000000000004, 9.500000000000002)"
19,5,0,2,0,0,18,5,0,0,20,5,"(19, 5)","(18.000000000000004, 9.500000000000002)"
20,5,0,2,0,0,19,5,0,0,21,5,"(20, 5)","(18.000000000000004, 9.500000000000002)"
21,5,0,2,0,0,20,5,0,0,22,5,"(21, 5)","(18.000000000000004, 9.500000000000002)"
22,5,0,3,0,0,21,5,22,6,23,5,"(22, 5)","(24.499999999999996, 9.499999999999998)"
23,5,0,2,0,0,22,5,0,0,24,5,"(23, 5)","(24.499999999999996, 9.499999999999998)"
24,5,0,2,0,0,23,5,0,0,25,5,"(24, 5)","(24.499999999999996, 9.499999999999998)"
25,5,0,2,0,0,24,5,0,0,26,5,"(25, 5)","(24.499999999999996, 9.499999999999998)"
26,5,0,2,0,0,25,5,0,0,27,5,"(26, 5)","(24.499999999999996, 9.499999999999998)"
27,5,0,2,0,0,26,5,27,6,0,0,"(27, 5)","(24.499999999999996, 9.499999999999998)"
2,6,0,2,2,5,0,0,2,7,0,0,"(2, 6)","(4.500000000000001, 9.499999999999996)"
3,6,1,0,0,0,0,0,0,0,0,0,"(3, 6)","(4.500000000000001, 9.499999999999996)"
4,6,1,0,0,0,0,0,0,0,0,0,"(4, 6)","(4.500000000000001, 9.499999999999996)"
5,6,1,0,0,0,0,0,0,0,0,0,"(5, 6)","(4.500000000000001, 9.499999999999996)"
6,6,1,0,0,0,0,0,0,0,0,0,"(6, 6)","(4.500000000000001, 9.499999999999996)"
7,6,0,2,7,5,0,0,7,7,0,0,"(7, 6)","(4.500000000000001, 9.499999999999996)"
8,6,1,0,0,0,0,0,0,0,0,0,"(8, 6)","(10.999999999999995, 9.499999999999996)"
9,6,1,0,0,0,0,0,0,0,0,0,"(9, 6)","(10.999999999999995, 9.499999999999996)"
10,6,1,0,0,0,0,0,0,0,0,0,"(10, 6)","(10.999999999999995, 9.499999999999996)"
11,6,1,0,0,0,0,0,0,0,0,0,"(11, 6)","(10.999999999999995, 9.499999999999996)"
12,6,1,0,0,0,0,0,0,0,0,0,"(12, 6)","(10.999999999999995, 9.499999999999996)"
13,6,0,2,13,5,0,0,13,7,0,0,"(13, 6)","(10.999999999999995, 9.499999999999996)"
14,6,1,0,0,0,0,0,0,0,0,0,"(14, 6)","(10.999999999999995, 9.499999999999996)"
15,6,1,0,0,0,0,0,0,0,0,0,"(15, 6)","(18.000000000000004, 9.500000000000002)"
16,6,0,2,16,5,0,0,16,7,0,0,"(16, 6)","(18.000000000000004, 9.500000000000002)"
17,6,1,0,0,0,0,0,0,0,0,0,"(17, 6)","(18.000000000000004, 9.500000000000002)"
18,6,1,0,0,0,0,0,0,0,0,0,"(18, 6)","(18.000000000000004, 9.500000000000002)"
19,6,1,0,0,0,0,0,0,0,0,0,"(19, 6)","(18.000000000000004, 9.500000000000002)"
20,6,1,0,0,0,0,0,0,0,0,0,"(20, 6)","(18.000000000000004, 9.500000000000002)"
21,6,1,0,0,0,0,0,0,0,0,0,"(21, 6)","(18.000000000000004, 9.500000000000002)"
22,6,0,2,22,5,0,0,22,7,0,0,"(22, 6)","(24.499999999999996, 9.499999999999998)"
23,6,1,0,0,0,0,0,0,0,0,0,"(23, 6)","(24.499999999999996, 9.499999999999998)"
24,6,1,0,0,0,0,0,0,0,0,0,"(24, 6)","(24.499999999999996, 9.499999999999998)"
25,6,1,0,0,0,0,0,0,0,0,0,"(25, 6)","(24.499999999999996, 9.499999999999998)"
26,6,1,0,0,0,0,0,0,0,0,0,"(26, 6)","(24.499999999999996, 9.499999999999998)"
27,6,0,2,27,5,0,0,27,7,0,0,"(27, 6)","(24.499999999999996, 9.499999999999998)"
2,7,0,2,2,6,0,0,2,8,0,0,"(2, 7)","(4.500000000000001, 9.499999999999996)"
3,7,1,0,0,0,0,0,0,0,0,0,"(3, 7)","(4.500000000000001, 9.499999999999996)"
4,7,1,0,0,0,0,0,0,0,0,0,"(4, 7)","(4.500000000000001, 9.499999999999996)"
5,7,1,0,0,0,0,0,0,0,0,0,"(5, 7)","(4.500000000000001, 9.499999999999996)"
6,7,1,0,0,0,0,0,0,0,0,0,"(6, 7)","(4.500000000000001, 9.499999999999996)"
7,7,0,2,7,6,0,0,7,8,0,0,"(7, 7)","(4.500000000000001, 9.499999999999996)"
8,7,1,0,0,0,0,0,0,0,0,0,"(8, 7)","(10.999999999999995, 9.499999999999996)"
9,7,1,0,0,0,0,0,0,0,0,0,"(9, 7)","(10.999999999999995, 9.499999999999996)"
10,7,1,0,0,0,0,0,0,0,0,0,"(10, 7)","(10.999999999999995, 9.499999999999996)"
11,7,1,0,0,0,0,0,0,0,0,0,"(11, 7)","(10.999999999999995, 9.499999999999996)"
12,7,1,0,0,0,0,0,0,0,0,0,"(12, 7)","(10.999999999999995, 9.499999999999996)"
13,7,0,2,13,6,0,0,13,8,0,0,"(13, 7)","(10.999999999999995, 9.499999999999996)"
14,7,1,0,0,0,0,0,0,0,0,0,"(14, 7)","(10.999999999999995, 9.499999999999996)"
15,7,1,0,0,0,0,0,0,0,0,0,"(15, 7)","(18.000000000000004, 9.500000000000002)"
16,7,0,2,16,6,0,0,16,8,0,0,"(16, 7)","(18.000000000000004, 9.500000000000002)"
17,7,1,0,0,0,0,0,0,0,0,0,"(17, 7)","(18.000000000000004, 9.500000000000002)"
18,7,1,0,0,0,0,0,0,0,0,0,"(18, 7)","(18.000000000000004, 9.500000000000002)"
19,7,1,0,0,0,0,0,0,0,0,0,"(19, 7)","(18.000000000000004, 9.500000000000002)"
20,7,1,0,0,0,0,0,0,0,0,0,"(20, 7)","(18.000000000000004, 9.500000000000002)"
21,7,1,0,0,0,0,0,0,0,0,0,"(21, 7)","(18.000000000000004, 9.500000000000002)"
22,7,0,2,22,6,0,0,22,8,0,0,"(22, 7)","(24.499999999999996, 9.499999999999998)"
23,7,1,0,0,0,0,0,0,0,0,0,"(23, 7)","(24.499999999999996, 9.499999999999998)"
24,7,1,0,0,0,0,0,0,0,0,0,"(24, 7)","(24.499999999999996, 9.499999999999998)"
25,7,1,0,0,0,0,0,0,0,0,0,"(25, 7)","(24.499999999999996, 9.499999999999998)"
26,7,1,0,0,0,0,0,0,0,0,0,"(26, 7)","(24.499999999999996, 9.499999999999998)"
27,7,0,2,27,6,0,0,27,8,0,0,"(27, 7)","(24.499999999999996, 9.499999999999998)"
2,8,0,2,2,7,0,0,2,9,0,0,"(2, 8)","(4.500000000000001, 9.499999999999996)"
3,8,1,0,0,0,0,0,0,0,0,0,"(3, 8)","(4.500000000000001, 9.499999999999996)"
4,8,1,0,0,0,0,0,0,0,0,0,"(4, 8)","(4.500000000000001, 9.499999999999996)"
5,8,1,0,0,0,0,0,0,0,0,0,"(5, 8)","(4.500000000000001, 9.499999999999996)"
6,8,1,0,0,0,0,0,0,0,0,0,"(6, 8)","(4.500000000000001, 9.499999999999996)"
7,8,0,2,7,7,0,0,7,9,0,0,"(7, 8)","(4.500000000000001, 9.499999999999996)"
8,8,1,0,0,0,0,0,0,0,0,0,"(8, 8)","(10.999999999999995, 9.499999999999996)"
9,8,1,0,0,0,0,0,0,0,0,0,"(9, 8)","(10.999999999999995, 9.499999999999996)"
10,8,1,0,0,0,0,0,0,0,0,0,"(10, 8)","(10.999999999999995, 9.499999999999996)"
11,8,1,0,0,0,0,0,0,0,0,0,"(11, 8)","(10.999999999999995, 9.499999999999996)"
12,8,1,0,0,0,0,0,0,0,0,0,"(12, 8)","(10.999999999999995, 9.499999999999996)"
13,8,0,2,13,7,0,0,13,9,0,0,"(13, 8)","(10.999999999999995, 9.499999999999996)"
14,8,1,0,0,0,0,0,0,0,0,0,"(14, 8)","(10.999999999999995, 9.499999999999996)"
15,8,1,0,0,0,0,0,0,0,0,0,"(15, 8)","(18.000000000000004, 9.500000000000002)"
16,8,0,2,16,7,0,0,16,9,0,0,"(16, 8)","(18.000000000000004, 9.500000000000002)"
17,8,1,0,0,0,0,0,0,0,0,0,"(17, 8)","(18.000000000000004, 9.500000000000002)"
18,8,1,0,0,0,0,0,0,0,0,0,"(18, 8)","(18.000000000000004, 9.500000000000002)"
19,8,1,0,0,0,0,0,0,0,0,0,"(19, 8)","(18.000000000000004, 9.500000000000002)"
20,8,1,0,0,0,0,0,0,0,0,0,"(20, 8)","(18.000000000000004, 9.500000000000002)"
21,8,1,0,0,0,0,0,0,0,0,0,"(21, 8)","(18.000000000000004, 9.500000000000002)"
22,8,0,2,22,7,0,0,22,9,0,0,"(22, 8)","(24.499999999999996, 9.499999999999998)"
23,8,1,0,0,0,0,0,0,0,0,0,"(23, 8)","(24.499999999999996, 9.499999999999998)"
24,8,1,0,0,0,0,0,0,0,0,0,"(24, 8)","(24.499999999999996, 9.499999999999998)"
25,8,1,0,0,0,0,0,0,0,0,0,"(25, 8)","(24.499999999999996, 9.499999999999998)"
26,8,1,0,0,0,0,0,0,0,0,0,"(26, 8)","(24.499999999999996, 9.499999999999998)"
27,8,0,2,27,7,0,0,27,9,0,0,"(27, 8)","(24.499999999999996, 9.499999999999998)"
2,9,0,3,2,8,0,0,2,10,3,9,"(2, 9)","(4.500000000000001, 9.499999999999996)"
3,9,0,2,0,0,2,9,0,0,4,9,"(3, 9)","(4.500000000000001, 9.499999999999996)"
4,9,0,2,0,0,3,9,0,0,5,9,"(4, 9)","(4.500000000000001, 9.499999999999996)"
5,9,0,2,0,0,4,9,0,0,6,9,"(5, 9)","(4.500000000000001, 9.499999999999996)"
6,9,0,2,0,0,5,9,0,0,7,9,"(6, 9)","(4.500000000000001, 9.499999999999996)"
7,9,0,4,7,8,6,9,7,10,8,9,"(7, 9)","(4.500000000000001, 9.499999999999996)"
8,9,0,2,0,0,7,9,0,0,9,9,"(8, 9)","(10.999999999999995, 9.499999999999996)"
9,9,0,2,0,0,8,9,0,0,10,9,"(9, 9)","(10.999999999999995, 9.499999999999996)"
10,9,0,3,0,0,9,9,10,10,11,9,"(10, 9)","(10.999999999999995, 9.499999999999996)"
11,9,0,2,0,0,10,9,0,0,12,9,"(11, 9)","(10.999999999999995, 9.499999999999996)"
12,9,0,2,0,0,11,9,0,0,13,9,"(12, 9)","(10.999999999999995, 9.499999999999996)"
13,9,0,3,13,8,12,9,0,0,14,9,"(13, 9)","(10.999999999999995, 9.499999999999996)"
14,9,0,2,0,0,13,9,0,0,15,9,"(14, 9)","(10.999999999999995, 9.499999999999996)"
15,9,0,2,0,0,14,9,0,0,16,9,"(15, 9)","(18.000000000000004, 9.500000000000002)"
16,9,0,3,16,8,15,9,0,0,17,9,"(16, 9)","(18.000000000000004, 9.500000000000002)"
17,9,0,2,0,0,16,9,0,0,18,9,"(17, 9)","(18.000000000000004, 9.500000000000002)"
18,9,0,2,0,0,17,9,0,0,19,9,"(18, 9)","(18.000000000000004, 9.500000000000002)"
19,9,0,3,0,0,18,9,19,10,20,9,"(19, 9)","(18.000000000000004, 9.500000000000002)"
20,9,0,2,0,0,19,9,0,0,21,9,"(20, 9)","(18.000000000000004, 9.500000000000002)"
21,9,0,2,0,0,20,9,0,0,22,9,"(21, 9)","(18.000000000000004, 9.500000000000002)"
22,9,0,4,22,8,21,9,22,10,23,9,"(22, 9)","(24.499999999999996, 9.499999999999998)"
23,9,0,2,0,0,22,9,0,0,24,9,"(23, 9)","(24.499999999999996, 9.499999999999998)"
24,9,0,2,0,0,23,9,0,0,25,9,"(24, 9)","(24.499999999999996, 9.499999999999998)"
25,9,0,2,0,0,24,9,0,0,26,9,"(25, 9)","(24.499999999999996, 9.499999999999998)"
26,9,0,2,0,0,25,9,0,0,27,9,"(26, 9)","(24.499999999999996, 9.499999999999998)"
27,9,0,3,27,8,26,9,27,10,0,0,"(27, 9)","(24.499999999999996, 9.499999999999998)"
2,10,0,2,2,9,0,0,2,11,0,0,"(2, 10)","(4.500000000000001, 9.499999999999996)"
3,10,1,0,0,0,0,0,0,0,0,0,"(3, 10)","(4.500000000000001, 9.499999999999996)"
4,10,1,0,0,0,0,0,0,0,0,0,"(4, 10)","(4.500000000000001, 9.499999999999996)"
5,10,1,0,0,0,0,0,0,0,0,0,"(5, 10)","(4.500000000000001, 9.499999999999996)"
6,10,1,0,0,0,0,0,0,0,0,0,"(6, 10)","(4.500000000000001, 9.499999999999996)"
7,10,0,2,7,9,0,0,7,11,0,0,"(7, 10)","(4.500000000000001, 9.499999999999996)"
8,10,1,0,0,0,0,0,0,0,0,0,"(8, 10)","(10.999999999999995, 9.499999999999996)"
9,10,1,0,0,0,0,0,0,0,0,0,"(9, 10)","(10.999999999999995, 9.499999999999996)"
10,10,0,2,10,9,0,0,10,11,0,0,"(10, 10)","(10.999999999999995, 9.499999999999996)"
11,10,1,0,0,0,0,0,0,0,0,0,"(11, 10)","(10.999999999999995, 9.499999999999996)"
12,10,1,0,0,0,0,0,0,0,0,0,"(12, 10)","(10.999999999999995, 9.499999999999996)"
13,10,1,0,0,0,0,0,0,0,0,0,"(13, 10)","(10.999999999999995, 9.499999999999996)"
14,10,1,0,0,0,0,0,0,0,0,0,"(14, 10)","(10.999999999999995, 9.499999999999996)"
15,10,1,0,0,0,0,0,0,0,0,0,"(15, 10)","(18.000000000000004, 9.500000000000002)"
16,10,1,0,0,0,0,0,0,0,0,0,"(16, 10)","(18.000000000000004, 9.500000000000002)"
17,10,1,0,0,0,0,0,0,0,0,0,"(17, 10)","(18.000000000000004, 9.500000000000002)"
18,10,1,0,0,0,0,0,0,0,0,0,"(18, 10)","(18.000000000000004, 9.500000000000002)"
19,10,0,2,19,9,0,0,19,11,0,0,"(19, 10)","(18.000000000000004, 9.500000000000002)"
20,10,1,0,0,0,0,0,0,0,0,0,"(20, 10)","(18.000000000000004, 9.500000000000002)"
21,10,1,0,0,0,0,0,0,0,0,0,"(21, 10)","(18.000000000000004, 9.500000000000002)"
22,10,0,2,22,9,0,0,22,11,0,0,"(22, 10)","(24.499999999999996, 9.499999999999998)"
23,10,1,0,0,0,0,0,0,0,0,0,"(23, 10)","(24.499999999999996, 9.499999999999998)"
24,10,1,0,0,0,0,0,0,0,0,0,"(24, 10)","(24.499999999999996, 9.499999999999998)"
25,10,1,0,0,0,0,0,0,0,0,0,"(25, 10)","(24.499999999999996, 9.499999999999998)"
26,10,1,0,0,0,0,0,0,0,0,0,"(26, 10)","(24.499999999999996, 9.499999999999998)"
27,10,0,2,27,9,0,0,27,11,0,0,"(27, 10)","(24.499999999999996, 9.499999999999998)"
2,11,0,2,2,10,0,0,2,12,0,0,"(2, 11)","(4.500000000000001, 9.499999999999996)"
3,11,1,0,0,0,0,0,0,0,0,0,"(3, 11)","(4.500000000000001, 9.499999999999996)"
4,11,1,0,0,0,0,0,0,0,0,0,"(4, 11)","(4.500000000000001, 9.499999999999996)"
5,11,1,0,0,0,0,0,0,0,0,0,"(5, 11)","(4.500000000000001, 9.499999999999996)"
6,11,1,0,0,0,0,0,0,0,0,0,"(6, 11)","(4.500000000000001, 9.499999999999996)"
7,11,0,2,7,10,0,0,7,12,0,0,"(7, 11)","(4.500000000000001, 9.499999999999996)"
8,11,1,0,0,0,0,0,0,0,0,0,"(8, 11)","(10.999999999999995, 9.499999999999996)"
9,11,1,0,0,0,0,0,0,0,0,0,"(9, 11)","(10.999999999999995, 9.499999999999996)"
10,11,0,2,10,10,0,0,10,12,0,0,"(10, 11)","(10.999999999999995, 9.499999999999996)"
11,11,1,0,0,0,0,0,0,0,0,0,"(11, 11)","(10.999999999999995, 9.499999999999996)"
12,11,1,0,0,0,0,0,0,0,0,0,"(12, 11)","(10.999999999999995, 9.499999999999996)"
13,11,1,0,0,0,0,0,0,0,0,0,"(13, 11)","(10.999999999999995, 9.499999999999996)"
14,11,1,0,0,0,0,0,0,0,0,0,"(14, 11)","(10.999999999999995, 9.499999999999996)"
15,11,1,0,0,0,0,0,0,0,0,0,"(15, 11)","(18.000000000000004, 9.500000000000002)"
16,11,1,0,0,0,0,0,0,0,0,0,"(16, 11)","(18.000000000000004, 9.500000000000002)"
17,11,1,0,0,0,0,0,0,0,0,0,"(17, 11)","(18.000000000000004, 9.500000000000002)"
18,11,1,0,0,0,0,0,0,0,0,0,"(18, 11)","(18.000000000000004, 9.500000000000002)"
19,11,0,2,19,10,0,0,19,12,0,0,"(19, 11)","(18.000000000000004, 9.500000000000002)"
20,11,1,0,0,0,0,0,0,0,0,0,"(20, 11)","(18.000000000000004, 9.500000000000002)"
21,11,1,0,0,0,0,0,0,0,0,0,"(21, 11)","(18.000000000000004, 9.500000000000002)"
22,11,0,2,22,10,0,0,22,12,0,0,"(22, 11)","(24.499999999999996, 9.499999999999998)"
23,11,1,0,0,0,0,0,0,0,0,0,"(23, 11)","(24.499999999999996, 9.499999999999998)"
24,11,1,0,0,0,0,0,0,0,0,0,"(24, 11)","(24.499999999999996, 9.499999999999998)"
25,11,1,0,0,0,0,0,0,0,0,0,"(25, 11)","(24.499999999999996, 9.499999999999998)"
26,11,1,0,0,0,0,0,0,0,0,0,"(26, 11)","(24.499999999999996, 9.499999999999998)"
27,11,0,2,27,10,0,0,27,12,0,0,"(27, 11)","(24.499999999999996, 9.499999999999998)"
2,12,0,2,2,11,0,0,0,0,3,12,"(2, 12)","(4.500000000000001, 9.499999999999996)"
3,12,0,2,0,0,2,12,0,0,4,12,"(3, 12)","(4.500000000000001, 9.499999999999996)"
4,12,0,2,0,0,3,12,0,0,5,12,"(4, 12)","(4.500000000000001, 9.499999999999996)"
5,12,0,2,0,0,4,12,0,0,6,12,"(5, 12)","(4.500000000000001, 9.499999999999996)"
6,12,0,2,0,0,5,12,0,0,7,12,"(6, 12)","(4.500000000000001, 9.499999999999996)"
7,12,0,3,7,11,6,12,7,13,0,0,"(7, 12)","(4.500000000000001, 9.499999999999996)"
8,12,1,0,0,0,0,0,0,0,0,0,"(8, 12)","(10.999999999999995, 9.499999999999996)"
9,12,1,0,0,0,0,0,0,0,0,0,"(9, 12)","(10.999999999999995, 9.499999999999996)"
10,12,0,2,10,11,0,0,0,0,11,12,"(10, 12)","(10.999999999999995, 9.499999999999996)"
11,12,0,2,0,0,10,12,0,0,12,12,"(11, 12)","(10.999999999999995, 9.499999999999996)"
12,12,0,2,0,0,11,12,0,0,13,12,"(12, 12)","(10.999999999999995, 9.499999999999996)"
13,12,0,2,0,0,12,12,13,13,0,0,"(13, 12)","(10.999999999999995, 9.499999999999996)"
14,12,1,0,0,0,0,0,0,0,0,0,"(14, 12)","(10.999999999999995, 9.499999999999996)"
15,12,1,0,0,0,0,0,0,0,0,0,"(15, 12)","(18.000000000000004, 9.500000000000002)"
16,12,0,2,0,0,0,0,16,13,17,12,"(16, 12)","(18.000000000000004, 9.500000000000002)"
17,12,0,2,0,0,16,12,0,0,18,12,"(17, 12)","(18.000000000000004, 9.500000000000002)"
18,12,0,2,0,0,17,12,0,0,19,12,"(18, 12)","(18.000000000000004, 9.500000000000002)"
19,12,0,2,19,11,18,12,0,0,0,0,"(19, 12)","(18.000000000000004, 9.500000000000002)"
20,12,1,0,0,0,0,0,0,0,0,0,"(20, 12)","(18.000000000000004, 9.500000000000002)"
21,12,1,0,0,0,0,0,0,0,0,0,"(21, 12)","(18.000000000000004, 9.500000000000002)"
22,12,0,3,22,11,0,0,22,13,23,12,"(22, 12)","(24.499999999999996, 9.499999999999998)"
23,12,0,2,0,0,22,12,0,0,24,12,"(23, 12)","(24.499999999999996, 9.499999999999998)"
24,12,0,2,0,0,23,12,0,0,25,12,"(24, 12)","(24.499999999999996, 9.499999999999998)"
25,12,0,2,0,0,24,12,0,0,26,12,"(25, 12)","(24.499999999999996, 9.499999999999998)"
26,12,0,2,0,0,25,12,0,0,27,12,"(26, 12)","(24.499999999999996, 9.499999999999998)"
27,12,0,2,27,11,26,12,0,0,0,0,"(27, 12)","(24.499999999999996, 9.499999999999998)"
2,13,1,0,0,0,0,0,0,0,0,0,"(2, 13)","(4.500000000000001, 9.499999999999996)"
3,13,1,0,0,0,0,0,0,0,0,0,"(3, 13)","(4.500000000000001, 9.499999999999996)"
4,13,1,0,0,0,0,0,0,0,0,0,"(4, 13)","(4.500000000000001, 9.499999999999996)"
5,13,1,0,0,0,0,0,0,0,0,0,"(5, 13)","(4.500000000000001, 9.499999999999996)"
6,13,1,0,0,0,0,0,0,0,0,0,"(6, 13)","(4.500000000000001, 9.499999999999996)"
7,13,0,2,7,12,0,0,7,14,0,0,"(7, 13)","(4.500000000000001, 9.499999999999996)"
8,13,1,0,0,0,0,0,0,0,0,0,"(8, 13)","(10.999999999999995, 9.499999999999996)"
9,13,1,0,0,0,0,0,0,0,0,0,"(9, 13)","(10.999999999999995, 9.499999999999996)"
10,13,1,0,0,0,0,0,0,0,0,0,"(10, 13)","(10.999999999999995, 9.499999999999996)"
11,13,1,0,0,0,0,0,0,0,0,0,"(11, 13)","(10.999999999999995, 9.499999999999996)"
12,13,1,0,0,0,0,0,0,0,0,0,"(12, 13)","(10.999999999999995, 9.499999999999996)"
13,13,0,2,13,12,0,0,13,14,0,0,"(13, 13)","(10.999999999999995, 9.499999999999996)"
14,13,1,0,0,0,0,0,0,0,0,0,"(14, 13)","(10.999999999999995, 9.499999999999996)"
15,13,1,0,0,0,0,0,0,0,0,0,"(15, 13)","(18.000000000000004, 9.500000000000002)"
16,13,0,2,16,12,0,0,16,14,0,0,"(16, 13)","(18.000000000000004, 9.500000000000002)"
17,13,1,0,0,0,0,0,0,0,0,0,"(17, 13)","(18.000000000000004, 9.500000000000002)"
18,13,1,0,0,0,0,0,0,0,0,0,"(18, 13)","(18.000000000000004, 9.500000000000002)"
19,13,1,0,0,0,0,0,0,0,0,0,"(19, 13)","(18.000000000000004, 9.500000000000002)"
20,13,1,0,0,0,0,0,0,0,0,0,"(20, 13)","(18.000000000000004, 9.500000000000002)"
21,13,1,0,0,0,0,0,0,0,0,0,"(21, 13)","(18.000000000000004, 9.500000000000002)"
22,13,0,2,22,12,0,0,22,14,0,0,"(22, 13)","(24.499999999999996, 9.499999999999998)"
23,13,1,0,0,0,0,0,0,0,0,0,"(23, 13)","(24.499999999999996, 9.499999999999998)"
24,13,1,0,0,0,0,0,0,0,0,0,"(24, 13)","(24.499999999999996, 9.499999999999998)"
25,13,1,0,0,0,0,0,0,0,0,0,"(25, 13)","(24.499999999999996, 9.499999999999998)"
26,13,1,0,0,0,0,0,0,0,0,0,"(26, 13)","(24.499999999999996, 9.499999999999998)"
27,13,1,0,0,0,0,0,0,0,0,0,"(27, 13)","(24.499999999999996, 9.499999999999998)"
2,14,1,0,0,0,0,0,0,0,0,0,"(2, 14)","(4.500000000000001, 9.499999999999996)"
3,14,1,0,0,0,0,0,0,0,0,0,"(3, 14)","(4.500000000000001, 9.499999999999996)"
4,14,1,0,0,0,0,0,0,0,0,0,"(4, 14)","(4.500000000000001, 9.499999999999996)"
5,14,1,0,0,0,0,0,0,0,0,0,"(5, 14)","(4.500000000000001, 9.499999999999996)"
6,14,1,0,0,0,0,0,0,0,0,0,"(6, 14)","(4.500000000000001, 9.499999999999996)"
7,14,0,2,7,13,0,0,7,15,0,0,"(7, 14)","(4.500000000000001, 9.499999999999996)"
8,14,1,0,0,0,0,0,0,0,0,0,"(8, 14)","(10.999999999999995, 9.499999999999996)"
9,14,1,0,0,0,0,0,0,0,0,0,"(9, 14)","(10.999999999999995, 9.499999999999996)"
10,14,1,0,0,0,0,0,0,0,0,0,"(10, 14)","(10.999999999999995, 9.499999999999996)"
11,14,1,0,0,0,0,0,0,0,0,0,"(11, 14)","(10.999999999999995, 9.499999999999996)"
12,14,1,0,0,0,0,0,0,0,0,0,"(12, 14)","(10.999999999999995, 9.499999999999996)"
13,14,0,2,13,13,0,0,13,15,0,0,"(13, 14)","(10.999999999999995, 9.499999999999996)"
14,14,1,0,0,0,0,0,0,0,0,0,"(14, 14)","(10.999999999999995, 9.499999999999996)"
15,14,1,0,0,0,0,0,0,0,0,0,"(15, 14)","(18.000000000000004, 9.500000000000002)"
16,14,0,2,16,13,0,0,16,15,0,0,"(16, 14)","(18.000000000000004, 9.500000000000002)"
17,14,1,0,0,0,0,0,0,0,0,0,"(17, 14)","(18.000000000000004, 9.500000000000002)"
18,14,1,0,0,0,0,0,0,0,0,0,"(18, 14)","(18.000000000000004, 9.500000000000002)"
19,14,1,0,0,0,0,0,0,0,0,0,"(19, 14)","(18.000000000000004, 9.500000000000002)"
20,14,1,0,0,0,0,0,0,0,0,0,"(20, 14)","(18.000000000000004, 9.500000000000002)"
21,14,1,0,0,0,0,0,0,0,0,0,"(21, 14)","(18.000000000000004, 9.500000000000002)"
22,14,0,2,22,13,0,0,22,15,0,0,"(22, 14)","(24.499999999999996, 9.499999999999998)"
23,14,1,0,0,0,0,0,0,0,0,0,"(23, 14)","(24.499999999999996, 9.499999999999998)"
24,14,1,0,0,0,0,0,0,0,0,0,"(24, 14)","(24.499999999999996, 9.499999999999998)"
25,14,1,0,0,0,0,0,0,0,0,0,"(25, 14)","(24.499999999999996, 9.499999999999998)"
26,14,1,0,0,0,0,0,0,0,0,0,"(26, 14)","(24.499999999999996, 9.499999999999998)"
27,14,1,0,0,0,0,0,0,0,0,0,"(27, 14)","(24.499999999999996, 9.499999999999998)"
2,15,1,0,0,0,0,0,0,0,0,0,"(2, 15)","(5.500000000000002, 19.000000000000014)"
3,15,1,0,0,0,0,0,0,0,0,0,"(3, 15)","(5.500000000000002, 19.000000000000014)"
4,15,1,0,0,0,0,0,0,0,0,0,"(4, 15)","(5.500000000000002, 19.000000000000014)"
5,15,1,0,0,0,0,0,0,0,0,0,"(5, 15)","(5.500000000000002, 19.000000000000014)"
6,15,1,0,0,0,0,0,0,0,0,0,"(6, 15)","(5.500000000000002, 19.000000000000014)"
7,15,0,2,7,14,0,0,7,16,0,0,"(7, 15)","(5.500000000000002, 19.000000000000014)"
8,15,1,0,0,0,0,0,0,0,0,0,"(8, 15)","(5.500000000000002, 19.000000000000014)"
9,15,1,0,0,0,0,0,0,0,0,0,"(9, 15)","(5.500000000000002, 19.000000000000014)"
10,15,0,2,0,0,0,0,10,16,11,15,"(10, 15)","(14.499999999999998, 19.0)"
11,15,0,2,0,0,10,15,0,0,12,15,"(11, 15)","(14.499999999999998, 19.0)"
12,15,0,2,0,0,11,15,0,0,13,15,"(12, 15)","(14.499999999999998, 19.0)"
13,15,0,3,13,14,12,15,0,0,14,15,"(13, 15)","(14.499999999999998, 19.0)"
14,15,0,3,0,0,13,15,14,16,15,15,"(14, 15)","(14.499999999999998, 19.0)"
15,15,0,3,0,0,14,15,15,16,16,15,"(15, 15)","(14.499999999999998, 19.0)"
16,15,0,3,16,14,15,15,0,0,17,15,"(16, 15)","(14.499999999999998, 19.0)"
17,15,0,2,0,0,16,15,0,0,18,15,"(17, 15)","(14.499999999999998, 19.0)"
18,15,0,2,0,0,17,15,0,0,19,15,"(18, 15)","(14.499999999999998, 19.0)"
19,15,0,2,0,0,18,15,19,16,0,0,"(19, 15)","(14.499999999999998, 19.0)"
20,15,1,0,0,0,0,0,0,0,0,0,"(20, 15)","(24.500000000000007, 19.000000000000007)"
21,15,1,0,0,0,0,0,0,0,0,0,"(21, 15)","(24.500000000000007, 19.000000000000007)"
22,15,0,2,22,14,0,0,22,16,0,0,"(22, 15)","(24.500000000000007, 19.000000000000007)"
23,15,1,0,0,0,0,0,0,0,0,0,"(23, 15)","(24.500000000000007, 19.000000000000007)"
24,15,1,0,0,0,0,0,0,0,0,0,"(24, 15)","(24.500000000000007, 19.000000000000007)"
25,15,1,0,0,0,0,0,0,0,0,0,"(25, 15)","(24.500000000000007, 19.000000000000007)"
26,15,1,0,0,0,0,0,0,0,0,0,"(26, 15)","(24.500000000000007, 19.000000000000007)"
27,15,1,0,0,0,0,0,0,0,0,0,"(27, 15)","(24.500000000000007, 19.000000000000007)"
2,16,1,0,0,0,0,0,0,0,0,0,"(2, 16)","(5.500000000000002, 19.000000000000014)"
3,16,1,0,0,0,0,0,0,0,0,0,"(3, 16)","(5.500000000000002, 19.000000000000014)"
4,16,1,0,0,0,0,0,0,0,0,0,"(4, 16)","(5.500000000000002, 19.000000000000014)"
5,16,1,0,0,0,0,0,0,0,0,0,"(5, 16)","(5.500000000000002, 19.000000000000014)"
6,16,1,0,0,0,0,0,0,0,0,0,"(6, 16)","(5.500000000000002, 19.000000000000014)"
7,16,0,2,7,15,0,0,7,17,0,0,"(7, 16)","(5.500000000000002, 19.000000000000014)"
8,16,1,0,0,0,0,0,0,0,0,0,"(8, 16)","(5.500000000000002, 19.000000000000014)"
9,16,1,0,0,0,0,0,0,0,0,0,"(9, 16)","(5.500000000000002, 19.000000000000014)"
10,16,0,2,10,15,0,0,10,17,0,0,"(10, 16)","(14.499999999999998, 19.0)"
11,16,1,0,0,0,0,0,0,0,0,0,"(11, 16)","(14.499999999999998, 19.0)"
12,16,1,0,0,0,0,0,0,0,0,0,"(12, 16)","(14.499999999999998, 19.0)"
13,16,1,0,0,0,0,0,0,0,0,0,"(13, 16)","(14.499999999999998, 19.0)"
14,16,1,3,14,15,0,0,14,17,15,16,"(14, 16)","(14.499999999999998, 19.0)"
15,16,1,3,15,15,14,16,15,17,0,0,"(15, 16)","(14.499999999999998, 19.0)"
16,16,1,0,0,0,0,0,0,0,0,0,"(16, 16)","(14.499999999999998, 19.0)"
17,16,1,0,0,0,0,0,0,0,0,0,"(17, 16)","(14.499999999999998, 19.0)"
18,16,1,0,0,0,0,0,0,0,0,0,"(18, 16)","(14.499999999999998, 19.0)"
19,16,0,2,19,15,0,0,19,17,0,0,"(19, 16)","(14.499999999999998, 19.0)"
20,16,1,0,0,0,0,0,0,0,0,0,"(20, 16)","(24.500000000000007, 19.000000000000007)"
21,16,1,0,0,0,0,0,0,0,0,0,"(21, 16)","(24.500000000000007, 19.000000000000007)"
22,16,0,2,22,15,0,0,22,17,0,0,"(22, 16)","(24.500000000000007, 19.000000000000007)"
23,16,1,0,0,0,0,0,0,0,0,0,"(23, 16)","(24.500000000000007, 19.000000000000007)"
24,16,1,0,0,0,0,0,0,0,0,0,"(24, 16)","(24.500000000000007, 19.000000000000007)"
25,16,1,0,0,0,0,0,0,0,0,0,"(25, 16)","(24.500000000000007, 19.000000000000007)"
26,16,1,0,0,0,0,0,0,0,0,0,"(26, 16)","(24.500000000000007, 19.000000000000007)"
27,16,1,0,0,0,0,0,0,0,0,0,"(27, 16)","(24.500000000000007, 19.000000000000007)"
2,17,1,0,0,0,0,0,0,0,0,0,"(2, 17)","(5.500000000000002, 19.000000000000014)"
3,17,1,0,0,0,0,0,0,0,0,0,"(3, 17)","(5.500000000000002, 19.000000000000014)"
4,17,1,0,0,0,0,0,0,0,0,0,"(4, 17)","(5.500000000000002, 19.000000000000014)"
5,17,1,0,0,0,0,0,0,0,0,0,"(5, 17)","(5.500000000000002, 19.000000000000014)"
6,17,1,0,0,0,0,0,0,0,0,0,"(6, 17)","(5.500000000000002, 19.000000000000014)"
7,17,0,2,7,16,0,0,7,18,0,0,"(7, 17)","(5.500000000000002, 19.000000000000014)"
8,17,1,0,0,0,0,0,0,0,0,0,"(8, 17)","(5.500000000000002, 19.000000000000014)"
9,17,1,0,0,0,0,0,0,0,0,0,"(9, 17)","(5.500000000000002, 19.000000000000014)"
10,17,0,2,10,16,0,0,10,18,0,0,"(10, 17)","(14.499999999999998, 19.0)"
11,17,1,0,0,0,0,0,0,0,0,0,"(11, 17)","(14.499999999999998, 19.0)"
12,17,0,2,0,0,0,0,12,18,13,17,"(12, 17)","(14.499999999999998, 19.0)"
13,17,0,3,0,0,12,17,13,18,14,17,"(13, 17)","(14.499999999999998, 19.0)"
14,17,0,4,14,16,13,17,14,18,15,17,"(14, 17)","(14.499999999999998, 19.0)"
15,17,0,4,15,16,14,17,15,18,16,17,"(15, 17)","(14.499999999999998, 19.0)"
16,17,0,3,0,0,15,17,16,18,17,17,"(16, 17)","(14.499999999999998, 19.0)"
17,17,0,2,0,0,16,17,17,18,0,0,"(17, 17)","(14.499999999999998, 19.0)"
18,17,1,0,0,0,0,0,0,0,0,0,"(18, 17)","(14.499999999999998, 19.0)"
19,17,0,2,19,16,0,0,19,18,0,0,"(19, 17)","(14.499999999999998, 19.0)"
20,17,1,0,0,0,0,0,0,0,0,0,"(20, 17)","(24.500000000000007, 19.000000000000007)"
21,17,1,0,0,0,0,0,0,0,0,0,"(21, 17)","(24.500000000000007, 19.000000000000007)"
22,17,0,2,22,16,0,0,22,18,0,0,"(22, 17)","(24.500000000000007, 19.000000000000007)"
23,17,1,0,0,0,0,0,0,0,0,0,"(23, 17)","(24.500000000000007, 19.000000000000007)"
24,17,1,0,0,0,0,0,0,0,0,0,"(24, 17)","(24.500000000000007, 19.000000000000007)"
25,17,1,0,0,0,0,0,0,0,0,0,"(25, 17)","(24.500000000000007, 19.000000000000007)"
26,17,1,0,0,0,0,0,0,0,0,0,"(26, 17)","(24.500000000000007, 19.000000000000007)"
27,17,1,0,0,0,0,0,0,0,0,0,"(27, 17)","(24.500000000000007, 19.000000000000007)"
2,18,0,2,0,0,1,18,0,0,3,18,"(2, 18)","(5.500000000000002, 19.000000000000014)"
3,18,0,2,0,0,2,18,0,0,4,18,"(3, 18)","(5.500000000000002, 19.000000000000014)"
4,18,0,2,0,0,3,18,0,0,5,18,"(4, 18)","(5.500000000000002, 19.000000000000014)"
5,18,0,2,0,0,4,18,0,0,6,18,"(5, 18)","(5.500000000000002, 19.000000000000014)"
6,18,0,2,0,0,5,18,0,0,7,18,"(6, 18)","(5.500000000000002, 19.000000000000014)"
7,18,0,4,7,17,6,18,7,19,8,18,"(7, 18)","(5.500000000000002, 19.000000000000014)"
8,18,0,2,0,0,7,18,0,0,9,18,"(8, 18)","(5.500000000000002, 19.000000000000014)"
9,18,0,2,0,0,8,18,0,0,10,18,"(9, 18)","(5.500000000000002, 19.000000000000014)"
10,18,0,3,10,17,9,18,10,19,0,0,"(10, 18)","(14.499999999999998, 19.0)"
11,18,1,0,0,0,0,0,0,0,0,0,"(11, 18)","(14.499999999999998, 19.0)"
12,18,0,3,12,17,0,0,12,19,13,18,"(12, 18)","(14.499999999999998, 19.0)"
13,18,0,4,13,17,12,18,13,19,14,18,"(13, 18)","(14.499999999999998, 19.0)"
14,18,0,4,14,17,13,18,14,19,15,18,"(14, 18)","(14.499999999999998, 19.0)"
15,18,0,4,15,17,14,18,15,19,16,18,"(15, 18)","(14.499999999999998, 19.0)"
16,18,0,4,16,17,15,18,16,19,17,18,"(16, 18)","(14.499999999999998, 19.0)"
17,18,0,3,17,17,16,18,17,19,0,0,"(17, 18)","(14.499999999999998, 19.0)"
18,18,1,0,0,0,0,0,0,0,0,0,"(18, 18)","(14.499999999999998, 19.0)"
19,18,0,3,19,17,0,0,19,19,20,18,"(19, 18)","(14.499999999999998, 19.0)"
20,18,0,2,0,0,19,18,0,0,21,18,"(20, 18)","(24.500000000000007, 19.000000000000007)"
21,18,0,2,0,0,20,18,0,0,22,18,"(21, 18)","(24.500000000000007, 19.000000000000007)"
22,18,0,4,22,17,21,18,22,19,23,18,"(22, 18)","(24.500000000000007, 19.000000000000007)"
23,18,0,2,0,0,22,18,0,0,24,18,"(23, 18)","(24.500000000000007, 19.000000000000007)"
24,18,0,2,0,0,23,18,0,0,25,18,"(24, 18)","(24.500000000000007, 19.000000000000007)"
25,18,0,2,0,0,24,18,0,0,26,18,"(25, 18)","(24.500000000000007, 19.000000000000007)"
26,18,0,2,0,0,25,18,0,0,27,18,"(26, 18)","(24.500000000000007, 19.000000000000007)"
27,18,0,2,0,0,26,18,0,0,28,18,"(27, 18)","(24.500000000000007, 19.000000000000007)"
2,19,1,0,0,0,0,0,0,0,0,0,"(2, 19)","(5.500000000000002, 19.000000000000014)"
3,19,1,0,0,0,0,0,0,0,0,0,"(3, 19)","(5.500000000000002, 19.000000000000014)"
4,19,1,0,0,0,0,0,0,0,0,0,"(4, 19)","(5.500000000000002, 19.000000000000014)"
5,19,1,0,0,0,0,0,0,0,0,0,"(5, 19)","(5.500000000000002, 19.000000000000014)"
6,19,1,0,0,0,0,0,0,0,0,0,"(6, 19)","(5.500000000000002, 19.000000000000014)"
7,19,0,2,7,18,0,0,7,20,0,0,"(7, 19)","(5.500000000000002, 19.000000000000014)"
8,19,1,0,0,0,0,0,0,0,0,0,"(8, 19)","(5.500000000000002, 19.000000000000014)"
9,19,1,0,0,0,0,0,0,0,0,0,"(9, 19)","(5.500000000000002, 19.000000000000014)"
10,19,0,2,10,18,0,0,10,20,0,0,"(10, 19)","(14.499999999999998, 19.0)"
11,19,1,0,0,0,0,0,0,0,0,0,"(11, 19)","(14.499999999999998, 19.0)"
12,19,0,2,12,18,0,0,0,0,13,19,"(12, 19)","(14.499999999999998, 19.0)"
13,19,0,3,13,18,12,19,0,0,14,19,"(13, 19)","(14.499999999999998, 19.0)"
14,19,0,3,14,18,13,19,0,0,15,19,"(14, 19)","(14.499999999999998, 19.0)"
15,19,0,3,15,18,14,19,0,0,16,19,"(15, 19)","(14.499999999999998, 19.0)"
16,19,0,3,16,18,15,19,0,0,17,19,"(16, 19)","(14.499999999999998, 19.0)"
17,19,0,2,17,18,16,19,0,0,0,0,"(17, 19)","(14.499999999999998, 19.0)"
18,19,1,0,0,0,0,0,0,0,0,0,"(18, 19)","(14.499999999999998, 19.0)"
19,19,0,2,19,18,0,0,19,20,0,0,"(19, 19)","(14.499999999999998, 19.0)"
20,19,1,0,0,0,0,0,0,0,0,0,"(20, 19)","(24.500000000000007, 19.000000000000007)"
21,19,1,0,0,0,0,0,0,0,0,0,"(21, 19)","(24.500000000000007, 19.000000000000007)"
22,19,0,2,22,18,0,0,22,20,0,0,"(22, 19)","(24.500000000000007, 19.000000000000007)"
23,19,1,0,0,0,0,0,0,0,0,0,"(23, 19)","(24.500000000000007, 19.000000000000007)"
24,19,1,0,0,0,0,0,0,0,0,0,"(24, 19)","(24.500000000000007, 19.000000000000007)"
25,19,1,0,0,0,0,0,0,0,0,0,"(25, 19)","(24.500000000000007, 19.000000000000007)"
26,19,1,0,0,0,0,0,0,0,0,0,"(26, 19)","(24.500000000000007, 19.000000000000007)"
27,19,1,0,0,0,0,0,0,0,0,0,"(27, 19)","(24.500000000000007, 19.000000000000007)"
2,20,1,0,0,0,0,0,0,0,0,0,"(2, 20)","(5.500000000000002, 19.000000000000014)"
3,20,1,0,0,0,0,0,0,0,0,0,"(3, 20)","(5.500000000000002, 19.000000000000014)"
4,20,1,0,0,0,0,0,0,0,0,0,"(4, 20)","(5.500000000000002, 19.000000000000014)"
5,20,1,0,0,0,0,0,0,0,0,0,"(5, 20)","(5.500000000000002, 19.000000000000014)"
6,20,1,0,0,0,0,0,0,0,0,0,"(6, 20)","(5.500000000000002, 19.000000000000014)"
7,20,0,2,7,19,0,0,7,21,0,0,"(7, 20)","(5.500000000000002, 19.000000000000014)"
8,20,1,0,0,0,0,0,0,0,0,0,"(8, 20)","(5.500000000000002, 19.000000000000014)"
9,20,1,0,0,0,0,0,0,0,0,0,"(9, 20)","(5.500000000000002, 19.000000000000014)"
10,20,0,2,10,19,0,0,10,21,0,0,"(10, 20)","(14.499999999999998, 19.0)"
11,20,1,0,0,0,0,0,0,0,0,0,"(11, 20)","(14.499999999999998, 19.0)"
12,20,1,0,0,0,0,0,0,0,0,0,"(12, 20)","(14.499999999999998, 19.0)"
13,20,1,0,0,0,0,0,0,0,0,0,"(13, 20)","(14.499999999999998, 19.0)"
14,20,1,0,0,0,0,0,0,0,0,0,"(14, 20)","(14.499999999999998, 19.0)"
15,20,1,0,0,0,0,0,0,0,0,0,"(15, 20)","(14.499999999999998, 19.0)"
16,20,1,0,0,0,0,0,0,0,0,0,"(16, 20)","(14.499999999999998, 19.0)"
17,20,1,0,0,0,0,0,0,0,0,0,"(17, 20)","(14.499999999999998, 19.0)"
18,20,1,0,0,0,0,0,0,0,0,0,"(18, 20)","(14.499999999999998, 19.0)"
19,20,0,2,19,19,0,0,19,21,0,0,"(19, 20)","(14.499999999999998, 19.0)"
20,20,1,0,0,0,0,0,0,0,0,0,"(20, 20)","(24.500000000000007, 19.000000000000007)"
21,20,1,0,0,0,0,0,0,0,0,0,"(21, 20)","(24.500000000000007, 19.000000000000007)"
22,20,0,2,22,19,0,0,22,21,0,0,"(22, 20)","(24.500000000000007, 19.000000000000007)"
23,20,1,0,0,0,0,0,0,0,0,0,"(23, 20)","(24.500000000000007, 19.000000000000007)"
24,20,1,0,0,0,0,0,0,0,0,0,"(24, 20)","(24.500000000000007, 19.000000000000007)"
25,20,1,0,0,0,0,0,0,0,0,0,"(25, 20)","(24.500000000000007, 19.000000000000007)"
26,20,1,0,0,0,0,0,0,0,0,0,"(26, 20)","(24.500000000000007, 19.000000000000007)"
27,20,1,0,0,0,0,0,0,0,0,0,"(27, 20)","(24.500000000000007, 19.000000000000007)"
2,21,1,0,0,0,0,0,0,0,0,0,"(2, 21)","(5.500000000000002, 19.000000000000014)"
3,21,1,0,0,0,0,0,0,0,0,0,"(3, 21)","(5.500000000000002, 19.000000000000014)"
4,21,1,0,0,0,0,0,0,0,0,0,"(4, 21)","(5.500000000000002, 19.000000000000014)"
5,21,1,0,0,0,0,0,0,0,0,0,"(5, 21)","(5.500000000000002, 19.000000000000014)"
6,21,1,0,0,0,0,0,0,0,0,0,"(6, 21)","(5.500000000000002, 19.000000000000014)"
7,21,0,2,7,20,0,0,7,22,0,0,"(7, 21)","(5.500000000000002, 19.000000000000014)"
8,21,1,0,0,0,0,0,0,0,0,0,"(8, 21)","(5.500000000000002, 19.000000000000014)"
9,21,1,0,0,0,0,0,0,0,0,0,"(9, 21)","(5.500000000000002, 19.000000000000014)"
10,21,0,3,10,20,0,0,10,22,11,21,"(10, 21)","(14.499999999999998, 19.0)"
11,21,0,2,0,0,10,21,0,0,12,21,"(11, 21)","(14.499999999999998, 19.0)"
12,21,0,2,0,0,11,21,0,0,13,21,"(12, 21)","(14.499999999999998, 19.0)"
13,21,0,2,0,0,12,21,0,0,14,21,"(13, 21)","(14.499999999999998, 19.0)"
14,21,0,2,0,0,13,21,0,0,15,21,"(14, 21)","(14.499999999999998, 19.0)"
15,21,0,2,0,0,14,21,0,0,16,21,"(15, 21)","(14.499999999999998, 19.0)"
16,21,0,2,0,0,15,21,0,0,17,21,"(16, 21)","(14.499999999999998, 19.0)"
17,21,0,2,0,0,16,21,0,0,18,21,"(17, 21)","(14.499999999999998, 19.0)"
18,21,0,2,0,0,17,21,0,0,19,21,"(18, 21)","(14.499999999999998, 19.0)"
19,21,0,3,19,20,18,21,19,22,0,0,"(19, 21)","(14.499999999999998, 19.0)"
20,21,1,0,0,0,0,0,0,0,0,0,"(20, 21)","(24.500000000000007, 19.000000000000007)"
21,21,1,0,0,0,0,0,0,0,0,0,"(21, 21)","(24.500000000000007, 19.000000000000007)"
22,21,0,2,22,20,0,0,22,22,0,0,"(22, 21)","(24.500000000000007, 19.000000000000007)"
23,21,1,0,0,0,0,0,0,0,0,0,"(23, 21)","(24.500000000000007, 19.000000000000007)"
24,21,1,0,0,0,0,0,0,0,0,0,"(24, 21)","(24.500000000000007, 19.000000000000007)"
25,21,1,0,0,0,0,0,0,0,0,0,"(25, 21)","(24.500000000000007, 19.000000000000007)"
26,21,1,0,0,0,0,0,0,0,0,0,"(26, 21)","(24.500000000000007, 19.000000000000007)"
27,21,1,0,0,0,0,0,0,0,0,0,"(27, 21)","(24.500000000000007, 19.000000000000007)"
2,22,1,0,0,0,0,0,0,0,0,0,"(2, 22)","(5.500000000000002, 19.000000000000014)"
3,22,1,0,0,0,0,0,0,0,0,0,"(3, 22)","(5.500000000000002, 19.000000000000014)"
4,22,1,0,0,0,0,0,0,0,0,0,"(4, 22)","(5.500000000000002, 19.000000000000014)"
5,22,1,0,0,0,0,0,0,0,0,0,"(5, 22)","(5.500000000000002, 19.000000000000014)"
6,22,1,0,0,0,0,0,0,0,0,0,"(6, 22)","(5.500000000000002, 19.000000000000014)"
7,22,0,2,7,21,0,0,7,23,0,0,"(7, 22)","(5.500000000000002, 19.000000000000014)"
8,22,1,0,0,0,0,0,0,0,0,0,"(8, 22)","(5.500000000000002, 19.000000000000014)"
9,22,1,0,0,0,0,0,0,0,0,0,"(9, 22)","(5.500000000000002, 19.000000000000014)"
10,22,0,2,10,21,0,0,10,23,0,0,"(10, 22)","(14.499999999999998, 19.0)"
11,22,1,0,0,0,0,0,0,0,0,0,"(11, 22)","(14.499999999999998, 19.0)"
12,22,1,0,0,0,0,0,0,0,0,0,"(12, 22)","(14.499999999999998, 19.0)"
13,22,1,0,0,0,0,0,0,0,0,0,"(13, 22)","(14.499999999999998, 19.0)"
14,22,1,0,0,0,0,0,0,0,0,0,"(14, 22)","(14.499999999999998, 19.0)"
15,22,1,0,0,0,0,0,0,0,0,0,"(15, 22)","(14.499999999999998, 19.0)"
16,22,1,0,0,0,0,0,0,0,0,0,"(16, 22)","(14.499999999999998, 19.0)"
17,22,1,0,0,0,0,0,0,0,0,0,"(17, 22)","(14.499999999999998, 19.0)"
18,22,1,0,0,0,0,0,0,0,0,0,"(18, 22)","(14.499999999999998, 19.0)"
19,22,0,2,19,21,0,0,19,23,0,0,"(19, 22)","(14.499999999999998, 19.0)"
20,22,1,0,0,0,0,0,0,0,0,0,"(20, 22)","(24.500000000000007, 19.000000000000007)"
21,22,1,0,0,0,0,0,0,0,0,0,"(21, 22)","(24.500000000000007, 19.000000000000007)"
22,22,0,2,22,21,0,0,22,23,0,0,"(22, 22)","(24.500000000000007, 19.000000000000007)"
23,22,1,0,0,0,0,0,0,0,0,0,"(23, 22)","(24.500000000000007, 19.000000000000007)"
24,22,1,0,0,0,0,0,0,0,0,0,"(24, 22)","(24.500000000000007, 19.000000000000007)"
25,22,1,0,0,0,0,0,0,0,0,0,"(25, 22)","(24.500000000000007, 19.000000000000007)"
26,22,1,0,0,0,0,0,0,0,0,0,"(26, 22)","(24.500000000000007, 19.000000000000007)"
27,22,1,0,0,0,0,0,0,0,0,0,"(27, 22)","(24.500000000000007, 19.000000000000007)"
2,23,1,0,0,0,0,0,0,0,0,0,"(2, 23)","(5.500000000000002, 19.000000000000014)"
3,23,1,0,0,0,0,0,0,0,0,0,"(3, 23)","(5.500000000000002, 19.000000000000014)"
4,23,1,0,0,0,0,0,0,0,0,0,"(4, 23)","(5.500000000000002, 19.000000000000014)"
5,23,1,0,0,0,0,0,0,0,0,0,"(5, 23)","(5.500000000000002, 19.000000000000014)"
6,23,1,0,0,0,0,0,0,0,0,0,"(6, 23)","(5.500000000000002, 19.000000000000014)"
7,23,0,2,7,22,0,0,7,24,0,0,"(7, 23)","(5.500000000000002, 19.000000000000014)"
8,23,1,0,0,0,0,0,0,0,0,0,"(8, 23)","(5.500000000000002, 19.000000000000014)"
9,23,1,0,0,0,0,0,0,0,0,0,"(9, 23)","(5.500000000000002, 19.000000000000014)"
10,23,0,2,10,22,0,0,10,24,0,0,"(10, 23)","(14.499999999999998, 19.0)"
11,23,1,0,0,0,0,0,0,0,0,0,"(11, 23)","(14.499999999999998, 19.0)"
12,23,1,0,0,0,0,0,0,0,0,0,"(12, 23)","(14.499999999999998, 19.0)"
13,23,1,0,0,0,0,0,0,0,0,0,"(13, 23)","(14.499999999999998, 19.0)"
14,23,1,0,0,0,0,0,0,0,0,0,"(14, 23)","(14.499999999999998, 19.0)"
15,23,1,0,0,0,0,0,0,0,0,0,"(15, 23)","(14.499999999999998, 19.0)"
16,23,1,0,0,0,0,0,0,0,0,0,"(16, 23)","(14.499999999999998, 19.0)"
17,23,1,0,0,0,0,0,0,0,0,0,"(17, 23)","(14.499999999999998, 19.0)"
18,23,1,0,0,0,0,0,0,0,0,0,"(18, 23)","(14.499999999999998, 19.0)"
19,23,0,2,19,22,0,0,19,24,0,0,"(19, 23)","(14.499999999999998, 19.0)"
20,23,1,0,0,0,0,0,0,0,0,0,"(20, 23)","(24.500000000000007, 19.000000000000007)"
21,23,1,0,0,0,0,0,0,0,0,0,"(21, 23)","(24.500000000000007, 19.000000000000007)"
22,23,0,2,22,22,0,0,22,24,0,0,"(22, 23)","(24.500000000000007, 19.000000000000007)"
23,23,1,0,0,0,0,0,0,0,0,0,"(23, 23)","(24.500000000000007, 19.000000000000007)"
24,23,1,0,0,0,0,0,0,0,0,0,"(24, 23)","(24.500000000000007, 19.000000000000007)"
25,23,1,0,0,0,0,0,0,0,0,0,"(25, 23)","(24.500000000000007, 19.000000000000007)"
26,23,1,0,0,0,0,0,0,0,0,0,"(26, 23)","(24.500000000000007, 19.000000000000007)"
27,23,1,0,0,0,0,0,0,0,0,0,"(27, 23)","(24.500000000000007, 19.000000000000007)"
2,24,0,2,0,0,0,0,2,25,3,24,"(2, 24)","(4.5000000000000036, 28.999999999999993)"
3,24,0,2,0,0,2,24,0,0,4,24,"(3, 24)","(4.5000000000000036, 28.999999999999993)"
4,24,0,2,0,0,3,24,0,0,5,24,"(4, 24)","(4.5000000000000036, 28.999999999999993)"
5,24,0,2,0,0,4,24,0,0,6,24,"(5, 24)","(4.5000000000000036, 28.999999999999993)"
6,24,0,2,0,0,5,24,0,0,7,24,"(6, 24)","(4.5000000000000036, 28.999999999999993)"
7,24,0,4,7,23,6,24,7,25,8,24,"(7, 24)","(4.5000000000000036, 28.999999999999993)"
8,24,0,2,0,0,7,24,0,0,9,24,"(8, 24)","(11.000000000000004, 29.00000000000001)"
9,24,0,2,0,0,8,24,0,0,10,24,"(9, 24)","(11.000000000000004, 29.00000000000001)"
10,24,0,3,10,23,9,24,0,0,11,24,"(10, 24)","(11.000000000000004, 29.00000000000001)"
11,24,0,2,0,0,10,24,0,0,12,24,"(11, 24)","(11.000000000000004, 29.00000000000001)"
12,24,0,2,0,0,11,24,0,0,13,24,"(12, 24)","(11.000000000000004, 29.00000000000001)"
13,24,0,2,0,0,12,24,13,25,0,0,"(13, 24)","(11.000000000000004, 29.00000000000001)"
14,24,1,0,0,0,0,0,0,0,0,0,"(14, 24)","(11.000000000000004, 29.00000000000001)"
15,24,1,0,0,0,0,0,0,0,0,0,"(15, 24)","(18.000000000000004, 29.000000000000007)"
16,24,0,2,0,0,0,0,16,25,17,24,"(16, 24)","(18.000000000000004, 29.000000000000007)"
17,24,0,2,0,0,16,24,0,0,18,24,"(17, 24)","(18.000000000000004, 29.000000000000007)"
18,24,0,2,0,0,17,24,0,0,19,24,"(18, 24)","(18.000000000000004, 29.000000000000007)"
19,24,0,3,19,23,18,24,0,0,20,24,"(19, 24)","(18.000000000000004, 29.000000000000007)"
20,24,0,2,0,0,19,24,0,0,21,24,"(20, 24)","(18.000000000000004, 29.000000000000007)"
21,24,0,2,0,0,20,24,0,0,22,24,"(21, 24)","(18.000000000000004, 29.000000000000007)"
22,24,0,4,22,23,21,24,22,25,23,24,"(22, 24)","(24.50000000000001, 29.000000000000004)"
23,24,0,2,0,0,22,24,0,0,24,24,"(23, 24)","(24.50000000000001, 29.000000000000004)"
24,24,0,2,0,0,23,24,0,0,25,24,"(24, 24)","(24.50000000000001, 29.000000000000004)"
25,24,0,2,0,0,24,24,0,0,26,24,"(25, 24)","(24.50000000000001, 29.000000000000004)"
26,24,0,2,0,0,25,24,0,0,27,24,"(26, 24)","(24.50000000000001, 29.000000000000004)"
27,24,0,2,0,0,26,24,27,25,0,0,"(27, 24)","(24.50000000000001, 29.000000000000004)"
2,25,0,2,2,24,0,0,2,26,0,0,"(2, 25)","(4.5000000000000036, 28.999999999999993)"
3,25,1,0,0,0,0,0,0,0,0,0,"(3, 25)","(4.5000000000000036, 28.999999999999993)"
4,25,1,0,0,0,0,0,0,0,0,0,"(4, 25)","(4.5000000000000036, 28.999999999999993)"
5,25,1,0,0,0,0,0,0,0,0,0,"(5, 25)","(4.5000000000000036, 28.999999999999993)"
6,25,1,0,0,0,0,0,0,0,0,0,"(6, 25)","(4.5000000000000036, 28.999999999999993)"
7,25,0,2,7,24,0,0,7,26,0,0,"(7, 25)","(4.5000000000000036, 28.999999999999993)"
8,25,1,0,0,0,0,0,0,0,0,0,"(8, 25)","(11.000000000000004, 29.00000000000001)"
9,25,1,0,0,0,0,0,0,0,0,0,"(9, 25)","(11.000000000000004, 29.00000000000001)"
10,25,1,0,0,0,0,0,0,0,0,0,"(10, 25)","(11.000000000000004, 29.00000000000001)"
11,25,1,0,0,0,0,0,0,0,0,0,"(11, 25)","(11.000000000000004, 29.00000000000001)"
12,25,1,0,0,0,0,0,0,0,0,0,"(12, 25)","(11.000000000000004, 29.00000000000001)"
13,25,0,2,13,24,0,0,13,26,0,0,"(13, 25)","(11.000000000000004, 29.00000000000001)"
14,25,1,0,0,0,0,0,0,0,0,0,"(14, 25)","(11.000000000000004, 29.00000000000001)"
15,25,1,0,0,0,0,0,0,0,0,0,"(15, 25)","(18.000000000000004, 29.000000000000007)"
16,25,0,2,16,24,0,0,16,26,0,0,"(16, 25)","(18.000000000000004, 29.000000000000007)"
17,25,1,0,0,0,0,0,0,0,0,0,"(17, 25)","(18.000000000000004, 29.000000000000007)"
18,25,1,0,0,0,0,0,0,0,0,0,"(18, 25)","(18.000000000000004, 29.000000000000007)"
19,25,1,0,0,0,0,0,0,0,0,0,"(19, 25)","(18.000000000000004, 29.000000000000007)"
20,25,1,0,0,0,0,0,0,0,0,0,"(20, 25)","(18.000000000000004, 29.000000000000007)"
21,25,1,0,0,0,0,0,0,0,0,0,"(21, 25)","(18.000000000000004, 29.000000000000007)"
22,25,0,2,22,24,0,0,22,26,0,0,"(22, 25)","(24.50000000000001, 29.000000000000004)"
23,25,1,0,0,0,0,0,0,0,0,0,"(23, 25)","(24.50000000000001, 29.000000000000004)"
24,25,1,0,0,0,0,0,0,0,0,0,"(24, 25)","(24.50000000000001, 29.000000000000004)"
25,25,1,0,0,0,0,0,0,0,0,0,"(25, 25)","(24.50000000000001, 29.000000000000004)"
26,25,1,0,0,0,0,0,0,0,0,0,"(26, 25)","(24.50000000000001, 29.000000000000004)"
27,25,0,2,27,24,0,0,27,26,0,0,"(27, 25)","(24.50000000000001, 29.000000000000004)"
2,26,0,2,2,25,0,0,2,27,0,0,"(2, 26)","(4.5000000000000036, 28.999999999999993)"
3,26,1,0,0,0,0,0,0,0,0,0,"(3, 26)","(4.5000000000000036, 28.999999999999993)"
4,26,1,0,0,0,0,0,0,0,0,0,"(4, 26)","(4.5000000000000036, 28.999999999999993)"
5,26,1,0,0,0,0,0,0,0,0,0,"(5, 26)","(4.5000000000000036, 28.999999999999993)"
6,26,1,0,0,0,0,0,0,0,0,0,"(6, 26)","(4.5000000000000036, 28.999999999999993)"
7,26,0,2,7,25,0,0,7,27,0,0,"(7, 26)","(4.5000000000000036, 28.999999999999993)"
8,26,1,0,0,0,0,0,0,0,0,0,"(8, 26)","(11.000000000000004, 29.00000000000001)"
9,26,1,0,0,0,0,0,0,0,0,0,"(9, 26)","(11.000000000000004, 29.00000000000001)"
10,26,1,0,0,0,0,0,0,0,0,0,"(10, 26)","(11.000000000000004, 29.00000000000001)"
11,26,1,0,0,0,0,0,0,0,0,0,"(11, 26)","(11.000000000000004, 29.00000000000001)"
12,26,1,0,0,0,0,0,0,0,0,0,"(12, 26)","(11.000000000000004, 29.00000000000001)"
13,26,0,2,13,25,0,0,13,27,0,0,"(13, 26)","(11.000000000000004, 29.00000000000001)"
14,26,1,0,0,0,0,0,0,0,0,0,"(14, 26)","(11.000000000000004, 29.00000000000001)"
15,26,1,0,0,0,0,0,0,0,0,0,"(15, 26)","(18.000000000000004, 29.000000000000007)"
16,26,0,2,16,25,0,0,16,27,0,0,"(16, 26)","(18.000000000000004, 29.000000000000007)"
17,26,1,0,0,0,0,0,0,0,0,0,"(17, 26)","(18.000000000000004, 29.000000000000007)"
18,26,1,0,0,0,0,0,0,0,0,0,"(18, 26)","(18.000000000000004, 29.000000000000007)"
19,26,1,0,0,0,0,0,0,0,0,0,"(19, 26)","(18.000000000000004, 29.000000000000007)"
20,26,1,0,0,0,0,0,0,0,0,0,"(20, 26)","(18.000000000000004, 29.000000000000007)"
21,26,1,0,0,0,0,0,0,0,0,0,"(21, 26)","(18.000000000000004, 29.000000000000007)"
22,26,0,2,22,25,0,0,22,27,0,0,"(22, 26)","(24.50000000000001, 29.000000000000004)"
23,26,1,0,0,0,0,0,0,0,0,0,"(23, 26)","(24.50000000000001, 29.000000000000004)"
24,26,1,0,0,0,0,0,0,0,0,0,"(24, 26)","(24.50000000000001, 29.000000000000004)"
25,26,1,0,0,0,0,0,0,0,0,0,"(25, 26)","(24.50000000000001, 29.000000000000004)"
26,26,1,0,0,0,0,0,0,0,0,0,"(26, 26)","(24.50000000000001, 29.000000000000004)"
27,26,0,2,27,25,0,0,27,27,0,0,"(27, 26)","(24.50000000000001, 29.000000000000004)"
2,27,0,2,2,26,0,0,2,28,0,0,"(2, 27)","(4.5000000000000036, 28.999999999999993)"
3,27,1,0,0,0,0,0,0,0,0,0,"(3, 27)","(4.5000000000000036, 28.999999999999993)"
4,27,1,0,0,0,0,0,0,0,0,0,"(4, 27)","(4.5000000000000036, 28.999999999999993)"
5,27,1,0,0,0,0,0,0,0,0,0,"(5, 27)","(4.5000000000000036, 28.999999999999993)"
6,27,1,0,0,0,0,0,0,0,0,0,"(6, 27)","(4.5000000000000036, 28.999999999999993)"
7,27,0,3,7,26,0,0,7,28,8,27,"(7, 27)","(4.5000000000000036, 28.999999999999993)"
8,27,0,2,0,0,7,27,0,0,9,27,"(8, 27)","(11.000000000000004, 29.00000000000001)"
9,27,0,2,0,0,8,27,0,0,10,27,"(9, 27)","(11.000000000000004, 29.00000000000001)"
10,27,0,3,0,0,9,27,10,28,11,27,"(10, 27)","(11.000000000000004, 29.00000000000001)"
11,27,0,2,0,0,10,27,0,0,12,27,"(11, 27)","(11.000000000000004, 29.00000000000001)"
12,27,0,2,0,0,11,27,0,0,13,27,"(12, 27)","(11.000000000000004, 29.00000000000001)"
13,27,0,3,13,26,12,27,0,0,14,27,"(13, 27)","(11.000000000000004, 29.00000000000001)"
14,27,0,2,0,0,13,27,0,0,15,27,"(14, 27)","(11.000000000000004, 29.00000000000001)"
15,27,0,2,0,0,14,27,0,0,16,27,"(15, 27)","(18.000000000000004, 29.000000000000007)"
16,27,0,3,16,26,15,27,0,0,17,27,"(16, 27)","(18.000000000000004, 29.000000000000007)"
17,27,0,2,0,0,16,27,0,0,18,27,"(17, 27)","(18.000000000000004, 29.000000000000007)"
18,27,0,2,0,0,17,27,0,0,19,27,"(18, 27)","(18.000000000000004, 29.000000000000007)"
19,27,0,3,0,0,18,27,19,28,20,27,"(19, 27)","(18.000000000000004, 29.000000000000007)"
20,27,0,2,0,0,19,27,0,0,21,27,"(20, 27)","(18.000000000000004, 29.000000000000007)"
21,27,0,2,0,0,20,27,0,0,22,27,"(21, 27)","(18.000000000000004, 29.000000000000007)"
22,27,0,3,22,26,21,27,22,28,0,0,"(22, 27)","(24.50000000000001, 29.000000000000004)"
23,27,1,0,0,0,0,0,0,0,0,0,"(23, 27)","(24.50000000000001, 29.000000000000004)"
24,27,1,0,0,0,0,0,0,0,0,0,"(24, 27)","(24.50000000000001, 29.000000000000004)"
25,27,1,0,0,0,0,0,0,0,0,0,"(25, 27)","(24.50000000000001, 29.000000000000004)"
26,27,1,0,0,0,0,0,0,0,0,0,"(26, 27)","(24.50000000000001, 29.000000000000004)"
27,27,0,2,27,26,0,0,27,28,0,0,"(27, 27)","(24.50000000000001, 29.000000000000004)"
2,28,0,2,2,27,0,0,2,29,0,0,"(2, 28)","(4.5000000000000036, 28.999999999999993)"
3,28,1,0,0,0,0,0,0,0,0,0,"(3, 28)","(4.5000000000000036, 28.999999999999993)"
4,28,1,0,0,0,0,0,0,0,0,0,"(4, 28)","(4.5000000000000036, 28.999999999999993)"
5,28,1,0,0,0,0,0,0,0,0,0,"(5, 28)","(4.5000000000000036, 28.999999999999993)"
6,28,1,0,0,0,0,0,0,0,0,0,"(6, 28)","(4.5000000000000036, 28.999999999999993)"
7,28,0,2,7,27,0,0,7,29,0,0,"(7, 28)","(4.5000000000000036, 28.999999999999993)"
8,28,1,0,0,0,0,0,0,0,0,0,"(8, 28)","(11.000000000000004, 29.00000000000001)"
9,28,1,0,0,0,0,0,0,0,0,0,"(9, 28)","(11.000000000000004, 29.00000000000001)"
10,28,0,2,10,27,0,0,10,29,0,0,"(10, 28)","(11.000000000000004, 29.00000000000001)"
11,28,1,0,0,0,0,0,0,0,0,0,"(11, 28)","(11.000000000000004, 29.00000000000001)"
12,28,1,0,0,0,0,0,0,0,0,0,"(12, 28)","(11.000000000000004, 29.00000000000001)"
13,28,1,0,0,0,0,0,0,0,0,0,"(13, 28)","(11.000000000000004, 29.00000000000001)"
14,28,1,0,0,0,0,0,0,0,0,0,"(14, 28)","(11.000000000000004, 29.00000000000001)"
15,28,1,0,0,0,0,0,0,0,0,0,"(15, 28)","(18.000000000000004, 29.000000000000007)"
16,28,1,0,0,0,0,0,0,0,0,0,"(16, 28)","(18.000000000000004, 29.000000000000007)"
17,28,1,0,0,0,0,0,0,0,0,0,"(17, 28)","(18.000000000000004, 29.000000000000007)"
18,28,1,0,0,0,0,0,0,0,0,0,"(18, 28)","(18.000000000000004, 29.000000000000007)"
19,28,0,2,19,27,0,0,19,29,0,0,"(19, 28)","(18.000000000000004, 29.000000000000007)"
20,28,1,0,0,0,0,0,0,0,0,0,"(20, 28)","(18.000000000000004, 29.000000000000007)"
21,28,1,0,0,0,0,0,0,0,0,0,"(21, 28)","(18.000000000000004, 29.000000000000007)"
22,28,0,2,22,27,0,0,22,29,0,0,"(22, 28)","(24.50000000000001, 29.000000000000004)"
23,28,1,0,0,0,0,0,0,0,0,0,"(23, 28)","(24.50000000000001, 29.000000000000004)"
24,28,1,0,0,0,0,0,0,0,0,0,"(24, 28)","(24.50000000000001, 29.000000000000004)"
25,28,1,0,0,0,0,0,0,0,0,0,"(25, 28)","(24.50000000000001, 29.000000000000004)"
26,28,1,0,0,0,0,0,0,0,0,0,"(26, 28)","(24.50000000000001, 29.000000000000004)"
27,28,0,2,27,27,0,0,27,29,0,0,"(27, 28)","(24.50000000000001, 29.000000000000004)"
2,29,0,2,2,28,0,0,2,30,0,0,"(2, 29)","(4.5000000000000036, 28.999999999999993)"
3,29,1,0,0,0,0,0,0,0,0,0,"(3, 29)","(4.5000000000000036, 28.999999999999993)"
4,29,1,0,0,0,0,0,0,0,0,0,"(4, 29)","(4.5000000000000036, 28.999999999999993)"
5,29,1,0,0,0,0,0,0,0,0,0,"(5, 29)","(4.5000000000000036, 28.999999999999993)"
6,29,1,0,0,0,0,0,0,0,0,0,"(6, 29)","(4.5000000000000036, 28.999999999999993)"
7,29,0,2,7,28,0,0,7,30,0,0,"(7, 29)","(4.5000000000000036, 28.999999999999993)"
8,29,1,0,0,0,0,0,0,0,0,0,"(8, 29)","(11.000000000000004, 29.00000000000001)"
9,29,1,0,0,0,0,0,0,0,0,0,"(9, 29)","(11.000000000000004, 29.00000000000001)"
10,29,0,2,10,28,0,0,10,30,0,0,"(10, 29)","(11.000000000000004, 29.00000000000001)"
11,29,1,0,0,0,0,0,0,0,0,0,"(11, 29)","(11.000000000000004, 29.00000000000001)"
12,29,1,0,0,0,0,0,0,0,0,0,"(12, 29)","(11.000000000000004, 29.00000000000001)"
13,29,1,0,0,0,0,0,0,0,0,0,"(13, 29)","(11.000000000000004, 29.00000000000001)"
14,29,1,0,0,0,0,0,0,0,0,0,"(14, 29)","(11.000000000000004, 29.00000000000001)"
15,29,1,0,0,0,0,0,0,0,0,0,"(15, 29)","(18.000000000000004, 29.000000000000007)"
16,29,1,0,0,0,0,0,0,0,0,0,"(16, 29)","(18.000000000000004, 29.000000000000007)"
17,29,1,0,0,0,0,0,0,0,0,0,"(17, 29)","(18.000000000000004, 29.000000000000007)"
18,29,1,0,0,0,0,0,0,0,0,0,"(18, 29)","(18.000000000000004, 29.000000000000007)"
19,29,0,2,19,28,0,0,19,30,0,0,"(19, 29)","(18.000000000000004, 29.000000000000007)"
20,29,1,0,0,0,0,0,0,0,0,0,"(20, 29)","(18.000000000000004, 29.000000000000007)"
21,29,1,0,0,0,0,0,0,0,0,0,"(21, 29)","(18.000000000000004, 29.000000000000007)"
22,29,0,2,22,28,0,0,22,30,0,0,"(22, 29)","(24.50000000000001, 29.000000000000004)"
23,29,1,0,0,0,0,0,0,0,0,0,"(23, 29)","(24.50000000000001, 29.000000000000004)"
24,29,1,0,0,0,0,0,0,0,0,0,"(24, 29)","(24.50000000000001, 29.000000000000004)"
25,29,1,0,0,0,0,0,0,0,0,0,"(25, 29)","(24.50000000000001, 29.000000000000004)"
26,29,1,0,0,0,0,0,0,0,0,0,"(26, 29)","(24.50000000000001, 29.000000000000004)"
27,29,0,2,27,28,0,0,27,30,0,0,"(27, 29)","(24.50000000000001, 29.000000000000004)"
2,30,0,3,2,29,0,0,2,31,3,30,"(2, 30)","(4.5000000000000036, 28.999999999999993)"
3,30,0,2,0,0,2,30,0,0,4,30,"(3, 30)","(4.5000000000000036, 28.999999999999993)"
4,30,0,2,0,0,3,30,0,0,5,30,"(4, 30)","(4.5000000000000036, 28.999999999999993)"
5,30,0,2,0,0,4,30,0,0,6,30,"(5, 30)","(4.5000000000000036, 28.999999999999993)"
6,30,0,2,0,0,5,30,0,0,7,30,"(6, 30)","(4.5000000000000036, 28.999999999999993)"
7,30,0,2,7,29,6,30,0,0,0,0,"(7, 30)","(4.5000000000000036, 28.999999999999993)"
8,30,1,0,0,0,0,0,0,0,0,0,"(8, 30)","(11.000000000000004, 29.00000000000001)"
9,30,1,0,0,0,0,0,0,0,0,0,"(9, 30)","(11.000000000000004, 29.00000000000001)"
10,30,0,2,10,29,0,0,0,0,11,30,"(10, 30)","(11.000000000000004, 29.00000000000001)"
11,30,0,2,0,0,10,30,0,0,12,30,"(11, 30)","(11.000000000000004, 29.00000000000001)"
12,30,0,2,0,0,11,30,0,0,13,30,"(12, 30)","(11.000000000000004, 29.00000000000001)"
13,30,0,2,0,0,12,30,13,31,0,0,"(13, 30)","(11.000000000000004, 29.00000000000001)"
14,30,1,0,0,0,0,0,0,0,0,0,"(14, 30)","(11.000000000000004, 29.00000000000001)"
15,30,1,0,0,0,0,0,0,0,0,0,"(15, 30)","(18.000000000000004, 29.000000000000007)"
16,30,0,2,0,0,0,0,16,31,17,30,"(16, 30)","(18.000000000000004, 29.000000000000007)"
17,30,0,2,0,0,16,30,0,0,18,30,"(17, 30)","(18.000000000000004, 29.000000000000007)"
18,30,0,2,0,0,17,30,0,0,19,30,"(18, 30)","(18.000000000000004, 29.000000000000007)"
19,30,0,2,19,29,18,30,0,0,0,0,"(19, 30)","(18.000000000000004, 29.000000000000007)"
20,30,1,0,0,0,0,0,0,0,0,0,"(20, 30)","(18.000000000000004, 29.000000000000007)"
21,30,1,0,0,0,0,0,0,0,0,0,"(21, 30)","(18.000000000000004, 29.000000000000007)"
22,30,0,2,22,29,0,0,0,0,23,30,"(22, 30)","(24.50000000000001, 29.000000000000004)"
23,30,0,2,0,0,22,30,0,0,24,30,"(23, 30)","(24.50000000000001, 29.000000000000004)"
24,30,0,2,0,0,23,30,0,0,25,30,"(24, 30)","(24.50000000000001, 29.000000000000004)"
25,30,0,2,0,0,24,30,0,0,26,30,"(25, 30)","(24.50000000000001, 29.000000000000004)"
26,30,0,2,0,0,25,30,0,0,27,30,"(26, 30)","(24.50000000000001, 29.000000000000004)"
27,30,0,3,27,29,26,30,27,31,0,0,"(27, 30)","(24.50000000000001, 29.000000000000004)"
2,31,0,2,2,30,0,0,2,32,0,0,"(2, 31)","(4.5000000000000036, 28.999999999999993)"
3,31,1,0,0,0,0,0,0,0,0,0,"(3, 31)","(4.5000000000000036, 28.999999999999993)"
4,31,1,0,0,0,0,0,0,0,0,0,"(4, 31)","(4.5000000000000036, 28.999999999999993)"
5,31,1,0,0,0,0,0,0,0,0,0,"(5, 31)","(4.5000000000000036, 28.999999999999993)"
6,31,1,0,0,0,0,0,0,0,0,0,"(6, 31)","(4.5000000000000036, 28.999999999999993)"
7,31,1,0,0,0,0,0,0,0,0,0,"(7, 31)","(4.5000000000000036, 28.999999999999993)"
8,31,1,0,0,0,0,0,0,0,0,0,"(8, 31)","(11.000000000000004, 29.00000000000001)"
9,31,1,0,0,0,0,0,0,0,0,0,"(9, 31)","(11.000000000000004, 29.00000000000001)"
10,31,1,0,0,0,0,0,0,0,0,0,"(10, 31)","(11.000000000000004, 29.00000000000001)"
11,31,1,0,0,0,0,0,0,0,0,0,"(11, 31)","(11.000000000000004, 29.00000000000001)"
12,31,1,0,0,0,0,0,0,0,0,0,"(12, 31)","(11.000000000000004, 29.00000000000001)"
13,31,0,2,13,30,0,0,13,32,0,0,"(13, 31)","(11.000000000000004, 29.00000000000001)"
14,31,1,0,0,0,0,0,0,0,0,0,"(14, 31)","(11.000000000000004, 29.00000000000001)"
15,31,1,0,0,0,0,0,0,0,0,0,"(15, 31)","(18.000000000000004, 29.000000000000007)"
16,31,0,2,16,30,0,0,16,32,0,0,"(16, 31)","(18.000000000000004, 29.000000000000007)"
17,31,1,0,0,0,0,0,0,0,0,0,"(17, 31)","(18.000000000000004, 29.000000000000007)"
18,31,1,0,0,0,0,0,0,0,0,0,"(18, 31)","(18.000000000000004, 29.000000000000007)"
19,31,1,0,0,0,0,0,0,0,0,0,"(19, 31)","(18.000000000000004, 29.000000000000007)"
20,31,1,0,0,0,0,0,0,0,0,0,"(20, 31)","(18.000000000000004, 29.000000000000007)"
21,31,1,0,0,0,0,0,0,0,0,0,"(21, 31)","(18.000000000000004, 29.000000000000007)"
22,31,1,0,0,0,0,0,0,0,0,0,"(22, 31)","(24.50000000000001, 29.000000000000004)"
23,31,1,0,0,0,0,0,0,0,0,0,"(23, 31)","(24.50000000000001, 29.000000000000004)"
24,31,1,0,0,0,0,0,0,0,0,0,"(24, 31)","(24.50000000000001, 29.000000000000004)"
25,31,1,0,0,0,0,0,0,0,0,0,"(25, 31)","(24.50000000000001, 29.000000000000004)"
26,31,1,0,0,0,0,0,0,0,0,0,"(26, 31)","(24.50000000000001, 29.000000000000004)"
27,31,0,2,27,30,0,0,27,32,0,0,"(27, 31)","(24.50000000000001, 29.000000000000004)"
2,32,0,2,2,31,0,0,2,33,0,0,"(2, 32)","(4.5000000000000036, 28.999999999999993)"
3,32,1,0,0,0,0,0,0,0,0,0,"(3, 32)","(4.5000000000000036, 28.999999999999993)"
4,32,1,0,0,0,0,0,0,0,0,0,"(4, 32)","(4.5000000000000036, 28.999999999999993)"
5,32,1,0,0,0,0,0,0,0,0,0,"(5, 32)","(4.5000000000000036, 28.999999999999993)"
6,32,1,0,0,0,0,0,0,0,0,0,"(6, 32)","(4.5000000000000036, 28.999999999999993)"
7,32,1,0,0,0,0,0,0,0,0,0,"(7, 32)","(4.5000000000000036, 28.999999999999993)"
8,32,1,0,0,0,0,0,0,0,0,0,"(8, 32)","(11.000000000000004, 29.00000000000001)"
9,32,1,0,0,0,0,0,0,0,0,0,"(9, 32)","(11.000000000000004, 29.00000000000001)"
10,32,1,0,0,0,0,0,0,0,0,0,"(10, 32)","(11.000000000000004, 29.00000000000001)"
11,32,1,0,0,0,0,0,0,0,0,0,"(11, 32)","(11.000000000000004, 29.00000000000001)"
12,32,1,0,0,0,0,0,0,0,0,0,"(12, 32)","(11.000000000000004, 29.00000000000001)"
13,32,0,2,13,31,0,0,13,33,0,0,"(13, 32)","(11.000000000000004, 29.00000000000001)"
14,32,1,0,0,0,0,0,0,0,0,0,"(14, 32)","(11.000000000000004, 29.00000000000001)"
15,32,1,0,0,0,0,0,0,0,0,0,"(15, 32)","(18.000000000000004, 29.000000000000007)"
16,32,0,2,16,31,0,0,16,33,0,0,"(16, 32)","(18.000000000000004, 29.000000000000007)"
17,32,1,0,0,0,0,0,0,0,0,0,"(17, 32)","(18.000000000000004, 29.000000000000007)"
18,32,1,0,0,0,0,0,0,0,0,0,"(18, 32)","(18.000000000000004, 29.000000000000007)"
19,32,1,0,0,0,0,0,0,0,0,0,"(19, 32)","(18.000000000000004, 29.000000000000007)"
20,32,1,0,0,0,0,0,0,0,0,0,"(20, 32)","(18.000000000000004, 29.000000000000007)"
21,32,1,0,0,0,0,0,0,0,0,0,"(21, 32)","(18.000000000000004, 29.000000000000007)"
22,32,1,0,0,0,0,0,0,0,0,0,"(22, 32)","(24.50000000000001, 29.000000000000004)"
23,32,1,0,0,0,0,0,0,0,0,0,"(23, 32)","(24.50000000000001, 29.000000000000004)"
24,32,1,0,0,0,0,0,0,0,0,0,"(24, 32)","(24.50000000000001, 29.000000000000004)"
25,32,1,0,0,0,0,0,0,0,0,0,"(25, 32)","(24.50000000000001, 29.000000000000004)"
26,32,1,0,0,0,0,0,0,0,0,0,"(26, 32)","(24.50000000000001, 29.000000000000004)"
27,32,0,2,27,31,0,0,27,33,0,0,"(27, 32)","(24.50000000000001, 29.000000000000004)"
2,33,0,2,2,32,0,0,0,0,3,33,"(2, 33)","(4.5000000000000036, 28.999999999999993)"
3,33,0,2,0,0,2,33,0,0,4,33,"(3, 33)","(4.5000000000000036, 28.999999999999993)"
4,33,0,2,0,0,3,33,0,0,5,33,"(4, 33)","(4.5000000000000036, 28.999999999999993)"
5,33,0,2,0,0,4,33,0,0,6,33,"(5, 33)","(4.5000000000000036, 28.999999999999993)"
6,33,0,2,0,0,5,33,0,0,7,33,"(6, 33)","(4.5000000000000036, 28.999999999999993)"
7,33,0,2,0,0,6,33,0,0,8,33,"(7, 33)","(4.5000000000000036, 28.999999999999993)"
8,33,0,2,0,0,7,33,0,0,9,33,"(8, 33)","(11.000000000000004, 29.00000000000001)"
9,33,0,2,0,0,8,33,0,0,10,33,"(9, 33)","(11.000000000000004, 29.00000000000001)"
10,33,0,2,0,0,9,33,0,0,11,33,"(10, 33)","(11.000000000000004, 29.00000000000001)"
11,33,0,2,0,0,10,33,0,0,12,33,"(11, 33)","(11.000000000000004, 29.00000000000001)"
12,33,0,2,0,0,11,33,0,0,13,33,"(12, 33)","(11.000000000000004, 29.00000000000001)"
13,33,0,3,13,32,12,33,0,0,14,33,"(13, 33)","(11.000000000000004, 29.00000000000001)"
14,33,0,2,0,0,13,33,0,0,15,33,"(14, 33)","(11.000000000000004, 29.00000000000001)"
15,33,0,2,0,0,14,33,0,0,16,33,"(15, 33)","(18.000000000000004, 29.000000000000007)"
16,33,0,3,16,32,15,33,0,0,17,33,"(16, 33)","(18.000000000000004, 29.000000000000007)"
17,33,0,2,0,0,16,33,0,0,18,33,"(17, 33)","(18.000000000000004, 29.000000000000007)"
18,33,0,2,0,0,17,33,0,0,19,33,"(18, 33)","(18.000000000000004, 29.000000000000007)"
19,33,0,2,0,0,18,33,0,0,20,33,"(19, 33)","(18.000000000000004, 29.000000000000007)"
20,33,0,2,0,0,19,33,0,0,21,33,"(20, 33)","(18.000000000000004, 29.000000000000007)"
21,33,0,2,0,0,20,33,0,0,22,33,"(21, 33)","(18.000000000000004, 29.000000000000007)"
22,33,0,2,0,0,21,33,0,0,23,33,"(22, 33)","(24.50000000000001, 29.000000000000004)"
23,33,0,2,0,0,22,33,0,0,24,33,"(23, 33)","(24.50000000000001, 29.000000000000004)"
24,33,0,2,0,0,23,33,0,0,25,33,"(24, 33)","(24.50000000000001, 29.000000000000004)"
25,33,0,2,0,0,24,33,0,0,26,33,"(25, 33)","(24.50000000000001, 29.000000000000004)"
26,33,0,2,0,0,25,33,0,0,27,33,"(26, 33)","(24.50000000000001, 29.000000000000004)"
27,33,0,2,27,32,26,33,0,0,0,0,"(27, 33)","(24.50000000000001, 29.000000000000004)"
28,18,0,2,0,0,27,18,0,0,29,18,"(28, 18)","(24.500000000000007, 19.000000000000007)"
29,18,0,2,0,0,28,18,0,0,0,18,"(29, 18)","(24.500000000000007, 19.000000000000007)"
0,18,0,2,0,0,29,18,0,0,1,18,"(0, 18)",
1,18,0,2,0,0,0,18,0,0,2,18,"(1, 18)",
